ECB;24/01/2019
ECB;07/03/2019
ECB;10/04/2019
ECB;06/06/2019
ECB;25/07/2019
ECB;12/09/2019
ECB;24/10/2019
ECB;12/12/2019
ECB;23/01/2020
ECB;12/03/2020
ECB;30/04/2020
ECB;04/06/2020
ECB;16/07/2020
ECB;10/09/2020
ECB;29/10/2020
ECB;12/12/2020
ECB;21/01/2021
ECB;11/03/2021
ECB;12/12/2021
FOMC;01/02/2017
FOMC;15/03/2017
FOMC;03/05/2017
FOMC;14/06/2017
FOMC;26/07/2017
FOMC;20/09/2017
FOMC;01/11/2017
FOMC;13/12/2017
FOMC;31/01/2018
FOMC;21/03/2018
FOMC;02/05/2018
FOMC;13/05/2018
FOMC;01/08/2018
FOMC;26/09/2018
FOMC;08/11/2018
FOMC;19/12/2018
FOMC;30/01/2019
FOMC;20/03/2019
FOMC;01/05/2019
FOMC;19/06/2019
FOMC;31/07/2019
FOMC;18/07/2019
FOMC;04/10/2019
FOMC;30/10/2019
FOMC;11/12/2019
FOMC;29/01/2020
FOMC;03/03/2020
FOMC;15/03/2020
FOMC;29/04/2020
FOMC;29/07/2020
FOMC;16/09/2020
FOMC;05/11/2020
FOMC;16/12/2020
FOMC;27/01/2021
FOMC;17/03/2021
FOMC;28/04/2021
FOMC;16/06/2021
FOMC;28/07/2021
FOMC;22/09/2021
FOMC;03/11/2021
FOMC;15/12/2021